url_path,views_total,views_unique
/cmu-sei/kaiju,12,10
/cmu-sei/kaiju/actions,1,1
/cmu-sei/kaiju/blob/main/buildSrc/src/main/groovy/kaiju/gradle/GhidraHtmlNodeRenderer.groovy,1,1
/cmu-sei/kaiju/blob/main/data/signature.json,1,1
/cmu-sei/kaiju/blob/main/docs/images/KaijuLong.png,1,1
/cmu-sei/kaiju/blob/main/docs/images/KaijuSquare.png,1,1
/cmu-sei/kaiju/blob/main/docs/images/analyzer_selection.png,1,1
/cmu-sei/kaiju/blob/main/docs/images/ooimporter-import.png,1,1
/cmu-sei/kaiju/pulls,1,1
/cmu-sei/kaiju/security,1,1
